page,pageviews,sessions,users
,0.0,0,11613.0
P√°gina inicial | Classplay,0.0,0,2081.0
Gerenciamento de curso e categoria | Classplay,0.0,0,847.0
Prompts | Classplay,0.0,0,833.0
Agentes IA | Classplay,0.0,0,537.0
Agentes IA | Classplay,0.0,0,518.0
Prompts | Classplay,0.0,0,514.0
Pesquisa | Administra√ß√£o | Classplay,0.0,0,434.0
Editar configura√ß√µes do curso | Classplay,0.0,0,374.0
Ferramentas | Classplay,0.0,0,272.0
M√©todos de inscri√ß√£o | Classplay,0.0,0,254.0
Agente Generativo | Classplay,0.0,0,189.0
Curso: L√°pis Raro | Classplay,0.0,0,141.0
Ferramentas | Classplay,0.0,0,136.0
Curso: Introdu√ß√£o √† IA Generativa | Classplay,0.0,0,110.0
Prompts Freemium | Classplay,0.0,0,108.0
Prompts Freemium | Classplay,0.0,0,106.0
Curso: Modelos de IA | Classplay,0.0,0,105.0
Sincroniza√ß√£o de coorte | Classplay,0.0,0,100.0
Editar curso: O Mundo dos Agentes | Classplay,0.0,0,98.0
Classplay,0.0,0,82.0
Curso: FCA: Forma√ß√£o de Talentos | Classplay,0.0,0,70.0
Editar curso: Introdu√ß√£o √† IA Generativa | Classplay,0.0,0,68.0
Inscri√ß√£o em coorte por campo de perfil | Classplay,0.0,0,64.0
Avisos do site | Classplay,0.0,0,63.0
Editar curso: FCA: Forma√ß√£o de Talentos | Classplay,0.0,0,59.0
Editar curso: üîí IA + Branding | Classplay,0.0,0,54.0
Editar curso: Modelos de IA | Classplay,0.0,0,47.0
WOW Templo [ways of work],0.0,0,47.0
Turmas Templo,0.0,0,46.0
ClassPlay | Configura√ß√µes de tema personalizado | Apar√™ncia | Administra√ß√£o | Classplay,0.0,0,44.0
Curso: üîí IA + Branding | Classplay,0.0,0,43.0
Editar curso: üîí Imagem & V√≠deo | Classplay,0.0,0,42.0
LAPISRARO.0925T1: Playlist de Estudos - M√≥dulo 1 | Classplay,0.0,0,41.0
Curso: O Mundo dos Agents | Classplay,0.0,0,40.0
Editar curso: IA Generativa no Marketing Digital | Classplay,0.0,0,39.0
Gerenciar inscri√ß√µes manuais | Classplay,0.0,0,38.0
Agente Generativo | Classplay,0.0,0,37.0
LAPISRARO.0925T1: Apresenta√ß√£o - Aulas 1 e 2 | Classplay,0.0,0,37.0
1. Introdu√ß√£o √† IAG no Marketing Digital,0.0,0,33.0
Editar curso: üîí Opera√ß√µes de Marketing | Classplay,0.0,0,33.0
Configura√ß√µes da p√°gina principal | P√°gina principal | Administra√ß√£o | Classplay,0.0,0,31.0
Coortes do sistemas | Classplay,0.0,0,31.0
Editar curso: üîí O B√°sico de I.A no Marketing | Classplay,0.0,0,30.0
Curso: eBooks | Classplay,0.0,0,29.0
Editar curso: IA para Advogados | Classplay,0.0,0,29.0
Novo Arquivo | TEMPLO.FCA | Classplay,0.0,0,29.0
Temas | Apar√™ncia | Administra√ß√£o | Classplay,0.0,0,29.0
Editar curso: üîí O Mundo dos Agents | Classplay,0.0,0,28.0
Curso: O Mundo dos Agentes | Classplay,0.0,0,27.0
Curso: Masterclasses | Classplay,0.0,0,26.0
Editar curso: O Mundo dos Agents | Classplay,0.0,0,25.0
Erro | Classplay,0.0,0,25.0
Editar curso: Dannemann [IA + Law] | Classplay,0.0,0,24.0
Curso: Onboarding de Professores | Classplay,0.0,0,23.0
Curso: üîí O Mundo dos Agents | Classplay,0.0,0,23.0
Search | Administration | Classplay,0.0,0,23.0
"""Se√ß√£o: üîí Crie tom de voz",0.0,0,0.0
Editar curso: O B√°sico de IA Generativa no Marketing Digital | Classplay,0.0,0,22.0
Classplay: Participantes | Classplay,0.0,0,21.0
Curso: IA + Branding | Classplay,0.0,0,21.0
Curso: Imagem & V√≠deo | Classplay,0.0,0,21.0
C√≥digo HTML adicional | Apar√™ncia | Administra√ß√£o | Classplay,0.0,0,21.0
Home | Classplay,0.0,0,21.0
WOW Templo,0.0,0,21.0
Editar curso: IA + Branding | Classplay,0.0,0,20.0
Editar curso: O B√°sico de IAGen no Marketing Digital | Classplay,0.0,0,20.0
Logs | Classplay,0.0,0,20.0
Editar curso: Freemium Simulado | Classplay,0.0,0,19.0
Meus cursos | Classplay,0.0,0,19.0
Curso: Dannemann [IA + Law] | Classplay,0.0,0,18.0
Curso: Freemium Simulado | Classplay,0.0,0,18.0
Curso: O B√°sico de IAGen no Marketing Digital | Classplay,0.0,0,18.0
Notifica√ß√µes | Classplay,0.0,0,17.0
Purge caches | Development | Administration | Classplay,0.0,0,17.0
Editar curso: An√°lise de Dados | Classplay,0.0,0,16.0
Lista de usu√°rios | Contas | Usu√°rios | Administra√ß√£o | Classplay,0.0,0,16.0
Acrescentar um coorte | Classplay,0.0,0,15.0
Classplay: Relat√≥rio de atividade | Classplay,0.0,0,15.0
IntroIAG: Participantes | Classplay,0.0,0,15.0
Prefer√™ncias | Classplay,0.0,0,15.0
Compet√™ncias do curso | Classplay,0.0,0,14.0
Curso: An√°lise de Dados | Classplay,0.0,0,14.0
Curso: Engenharia de Prompts | Classplay,0.0,0,14.0
Curso: O B√°sico de IA Generativa no Marketing Digital | Classplay,0.0,0,14.0
Curso: üîí Imagem & V√≠deo | Classplay,0.0,0,14.0
Editar curso: Engenharia de Prompts | Classplay,0.0,0,14.0
Editar curso: Imagem & V√≠deo | Classplay,0.0,0,14.0
Editar curso: L√°pis Raro | Classplay,0.0,0,14.0
Editar curso: O B√°sico de IA no Marketing | Classplay,0.0,0,14.0
Install plugins | Plugins | Administration | Classplay,0.0,0,14.0
"""Editar Se√ß√£o: üîí Crie tom de voz",0.0,0,0.0
Editar curso: üîí O B√°sico de IAGen no Marketing Digital | Classplay,0.0,0,13.0
Editar √Årea de texto e m√≠dia: Quer acessar esse curso e aprender como voc√™ pode ... | OPMKT-FREE | Classplay,0.0,0,13.0
LAPISRARO.0925T1: Playbook de Desafios - M√≥dulo 1 | Classplay,0.0,0,13.0
Turma Forma√ß√£o de Professores,0.0,0,13.0
casos-uso: Participantes | Classplay,0.0,0,13.0
Editar √Årea de texto e m√≠dia: Quer acessar esse curso e aprender todo o b√°sico p... | MINI-BASICOMKT-FREE | Classplay,0.0,0,12.0
Estrat√©gia 2025,0.0,0,12.0
WOW Templo,0.0,0,12.0
Curso: IA para Advogados | Classplay,0.0,0,11.0
DANNEMANNIA .0225T1: Participantes | Classplay,0.0,0,11.0
Editar curso: Freemium Simulado 2 | Classplay,0.0,0,11.0
Inscri√ß√£o em coorte por campo de perfil | Classplay,0.0,0,11.0
Lixeira | Classplay,0.0,0,11.0
Progresso da c√≥pia do curso | Classplay,0.0,0,11.0
Turma JBS - IA + MKT,0.0,0,11.0
casos-uso | Classplay,0.0,0,11.0
Editar curso: Opera√ß√µes de Marketing | Classplay,0.0,0,10.0
Editar √Årea de texto e m√≠dia: Intelig√™ncia Artificial: O Hype e a Realidade | IAG-MKTDigital. Freemium | Classplay,0.0,0,10.0
Editar √Årea de texto e m√≠dia: Quer acessar esse curso e aprender como utilizar I... | IMGMVIDEO-FREE | Classplay,0.0,0,10.0
Editar √Årea de texto e m√≠dia: Quer acessar esse curso e aprender como utilizar I... | MINI-IMAGEMVIDEO-FREE | Classplay,0.0,0,10.0
IAG-MKTDigital: Participantes | Classplay,0.0,0,10.0
LAPISRARO.0925T1: Apresenta√ß√£o Onboarding Classplay | Classplay,0.0,0,10.0
Novo √Årea de texto e m√≠dia | MINI-IMAGEMVIDEO-FREE_1 | Classplay,0.0,0,10.0
PROMPTS: Participantes | Classplay,0.0,0,10.0
Classplay: teste classplay | Classplay,0.0,0,9.0
Curso: IA Generativa no Marketing Digital | Classplay,0.0,0,9.0
Editar Se√ß√£o: Aula 1 - Cria√ß√£o e Edi√ß√£o de Imagens com IA | FCA: Forma√ß√£o de Talentos | Classplay,0.0,0,9.0
Editar curso: üîí IA para Advogados | Classplay,0.0,0,9.0
Educa√ß√£o,0.0,0,9.0
M√ìDULO 3 - Agentes de IA,0.0,0,9.0
Novo √Årea de texto e m√≠dia | TEMPLO.FCA | Classplay,0.0,0,9.0
Relat√≥rios | Classplay,0.0,0,9.0
Biblioteca de Ferramentas,0.0,0,8.0
Configura√ß√µes avan√ßadas de tema | Apar√™ncia | Administra√ß√£o | Classplay,0.0,0,8.0
Construa Seu Prompt,0.0,0,8.0
Controle,0.0,0,8.0
Controle - Templo,0.0,0,8.0
Curso: O B√°sico de IA no Marketing | Classplay,0.0,0,8.0
Curso: üîí O B√°sico de I.A no Marketing | Classplay,0.0,0,8.0
LAPISRARO.0925T1: Participantes | Classplay,0.0,0,8.0
M√ìDULO 1 - Fundamentos e Engenharia de Prompts,0.0,0,8.0
Rituais do Templo,0.0,0,8.0
AGENTS-FREE: Participantes | Classplay,0.0,0,7.0
Classplay: Relat√≥rio de atividade | Classplay,0.0,0,7.0
Curso: üîí IA para Advogados | Classplay,0.0,0,7.0
Curso: üîí Opera√ß√µes de Marketing | Classplay,0.0,0,7.0
"""Editar se√ß√£o: üîí Crie tom de voz",0.0,0,0.0
Editar √Årea de texto e m√≠dia: COMECE POR AQUI O que voc√™ quer resolver hoje? Fale s... | Classplay,0.0,0,7.0
FERRAMENTAS: Participantes | Classplay,0.0,0,7.0
Instalar plugins | Plugins | Administra√ß√£o | Classplay,0.0,0,7.0
Limpar caches | Desenvolvimento | Administra√ß√£o | Classplay,0.0,0,7.0
PODCASTS: Participantes | Classplay,0.0,0,7.0
Permiss√µes em Curso: Introdu√ß√£o √† IA Generativa | Classplay,0.0,0,7.0
Prompts para Recursos Humanos,0.0,0,7.0
AGENTESIA: Participantes | Classplay,0.0,0,6.0
Atividades do curso: Agente Generativo | Classplay,0.0,0,6.0
Classplay: Perfil p√∫blico (P√°gina padr√£o de perfil) | Classplay,0.0,0,6.0
Curso: Freemium Simulado 2 | Classplay,0.0,0,6.0
Curso: Webinars | Classplay,0.0,0,6.0
Curso: üîí IA Generativa no Marketing Digital | Classplay,0.0,0,6.0
Cursos | Apar√™ncia | Administra√ß√£o | Classplay,0.0,0,6.0
Debugging | Development | Administration | Classplay,0.0,0,6.0
EBOOKS: Participantes | Classplay,0.0,0,6.0
Editar Se√ß√£o: Aula Extra - Engenharia de Prompts | FCA: Forma√ß√£o de Talentos | Classplay,0.0,0,6.0
Editar se√ß√£o: | LLMS | Classplay,0.0,0,6.0
Editar √Årea de texto e m√≠dia: Quer acessar esse curso e aprender tudo sobre o us... | MINI.BRANDING-FREE | Classplay,0.0,0,6.0
Guia de Cultura,0.0,0,6.0
IA-Advogados: Participantes | Classplay,0.0,0,6.0
Lista de Agentes GPT Avan√ßados,0.0,0,6.0
MASTERCLASSES: Participantes | Classplay,0.0,0,6.0
MINI-BRANDING: Participantes | Classplay,0.0,0,6.0
MINI-PROMPTS: Participantes | Classplay,0.0,0,6.0
Novo √Årea de texto e m√≠dia | AGENTS-FREE | Classplay,0.0,0,6.0
Novo √Årea de texto e m√≠dia | IAGMKT-FREE | Classplay,0.0,0,6.0
Novo √Årea de texto e m√≠dia | MINI-BASICOMKT-FREE | Classplay,0.0,0,6.0
Novo √Årea de texto e m√≠dia | OPMKT-FREE | Classplay,0.0,0,6.0
Onboarding Templo,0.0,0,6.0
Prompts para Marketing,0.0,0,6.0
Sheila Moraes: Perfil p√∫blico | Classplay,0.0,0,6.0
TEMPLO.FCA: Participantes | Classplay,0.0,0,6.0
Adicionar um novo curso | Classplay,0.0,0,5.0
Aprenda R√°pido: Mini Cursos Tem√°ticos,0.0,0,5.0
Atra√ß√£o e Recrutamento de Talento,0.0,0,5.0
Classplay: Aviso lorem ipsum | Classplay,0.0,0,5.0
Classplay: Modificar perfil | Classplay,0.0,0,5.0
Configura√ß√µes HTML | Apar√™ncia | Administra√ß√£o | Classplay,0.0,0,5.0
Curso: Opera√ß√µes de Marketing | Classplay,0.0,0,5.0
Curso: Podcasts | Classplay,0.0,0,5.0
Curso: Tutoriais | Classplay,0.0,0,5.0
Curso: üîí O B√°sico de IAGen no Marketing Digital | Classplay,0.0,0,5.0
Editar AI Prompts: Prompts | PROMPTS | Classplay,0.0,0,5.0
Editar se√ß√£o: Aula Extra - Engenharia de Prompts | TEMPLO.FCA | Classplay,0.0,0,5.0
Editar se√ß√£o: Se√ß√£o 1 | LLMS | Classplay,0.0,0,5.0
Erro | Classplay,0.0,0,5.0
IAG-MKTDigital | Classplay,0.0,0,5.0
IAGMKT-FREE: Participantes | Classplay,0.0,0,5.0
LAPISRARO.0925T1: Apresenta√ß√£o Masterclass | Classplay,0.0,0,5.0
LLMS: Participantes | Classplay,0.0,0,5.0
MINI-BASICOMKT: Participantes | Classplay,0.0,0,5.0
Navega√ß√£o | Apar√™ncia | Administra√ß√£o | Classplay,0.0,0,5.0
Notifications | Administration | Classplay,0.0,0,5.0
Novo Arquivo | LAPISRARO.0925T1 | Classplay,0.0,0,5.0
Novo √Årea de texto e m√≠dia | IAADV-FREE | Classplay,0.0,0,5.0
Novo √Årea de texto e m√≠dia | MINI.BRANDING-FREE | Classplay,0.0,0,5.0
TEMPLOONB.0725T1: Diretrizes para Professores(a) | Classplay,0.0,0,5.0
TUTORIAIS: Participantes | Classplay,0.0,0,5.0
Todos os coortes | Classplay,0.0,0,5.0
Turma Dannemann - IA + LAW,0.0,0,5.0
WEBINARS: Participantes | Classplay,0.0,0,5.0
WOW Templo [ways of work],0.0,0,5.0
Construa Seu Prompt,0.0,0,4.0
Cultura Templo,0.0,0,4.0
Curso: BRASAS | Classplay,0.0,0,4.0
Editar Se√ß√£o: Se√ß√£o 1 | Modelos de IA | Classplay,0.0,0,4.0
"""Editar √Årea de texto e m√≠dia: Crie tom de voz",0.0,0,0.0
Editar √Årea de texto e m√≠dia: Descubra o que voc√™ vai encontrar nos 5 m√≥dulos do... | IAG-MKTDigital | Classplay,0.0,0,4.0
Editar √Årea de texto e m√≠dia: Masterclass | IntroIAG | Classplay,0.0,0,4.0
Editar √Årea de texto e m√≠dia: Quer acessar esse curso e aprender todo o b√°sico d... | IAGMKT-FREE | Classplay,0.0,0,4.0
Editar √Årea de texto e m√≠dia: Voc√™ est√° prestes a iniciar uma forma√ß√£o que n√£o f... | TEMPLO.FCA | Classplay,0.0,0,4.0
Editar √Årea de texto e m√≠dia: √Årea de texto e m√≠dia | MINI.BRANDING-FREE | Classplay,0.0,0,4.0
Ferramentas externas LTI | Classplay,0.0,0,4.0
MINI-DADOS: Participantes | Classplay,0.0,0,4.0
MINI-IMAGEMVIDEO: Participantes | Classplay,0.0,0,4.0
Mudar papel para... | Classplay,0.0,0,4.0
MundoAgents: Participantes | Classplay,0.0,0,4.0
MundoAgents: Workflow - Do Tom de Voz √† Postagem | Classplay,0.0,0,4.0
Natalie Chamberlain: Perfil p√∫blico | Classplay,0.0,0,4.0
Notar | Classplay,0.0,0,4.0
Novo √Årea de texto e m√≠dia | TEMPLOFRE.0125T1 | Classplay,0.0,0,4.0
OPMARKETING: Participantes | Classplay,0.0,0,4.0
PROMPTSFREE: Participantes | Classplay,0.0,0,4.0
Perfil dos Monges,0.0,0,4.0
Relat√≥rio do usu√°rio | Agente Generativo | Classplay,0.0,0,4.0
Reposit√≥rio de Conte√∫dos,0.0,0,4.0
Se√ß√£o: Se√ß√£o 2 | üîí IA + Branding | Classplay,0.0,0,4.0
TEMPLO.FCA: Apresenta√ß√£o aula 1 - m√≥dulo 1 | Classplay,0.0,0,4.0
TEMPLOONB.0725T1: Manual dos Saberes | Classplay,0.0,0,4.0
TEMPLOONB.0725T1: Participantes | Classplay,0.0,0,4.0
Templates | Apar√™ncia | Administra√ß√£o | Classplay,0.0,0,4.0
Agentes GPT para Recursos Humanos,0.0,0,3.0
Agentes IA,0.0,0,3.0
Atividades do curso: O Mundo dos Agentes | Classplay,0.0,0,3.0
Banco de conte√∫do | Classplay,0.0,0,3.0
Bancos de quest√µes | Classplay,0.0,0,3.0
Calend√°rio | Apar√™ncia | Administra√ß√£o | Classplay,0.0,0,3.0
Classplay | Home,0.0,0,3.0
Curso: Template Padr√£o | Classplay,0.0,0,3.0
Curso: üîí O B√°sico da IA Generativa no Marketing Digital | Classplay,0.0,0,3.0
Cursos | Blocos | Plugins | Administra√ß√£o | Classplay,0.0,0,3.0
EBOOKS: Manual de IAG para Treinamento e Desenvolvimento Organizacional | Classplay,0.0,0,3.0
Editar Se√ß√£o: Clique no bot√£o para acessar o Chat GPT! | Modelos de IA | Classplay,0.0,0,3.0
Editar Se√ß√£o: Clique no bot√£o para acessar o Claude! | Modelos de IA | Classplay,0.0,0,3.0
Editar Se√ß√£o: Materiais Complementares | IA Generativa no Marketing Digital | Classplay,0.0,0,3.0
Editar Se√ß√£o: M√ìDULO 1 - Texto e IA Generativa | FCA: Forma√ß√£o de Talentos | Classplay,0.0,0,3.0
Editar curso: Template Padr√£o | Classplay,0.0,0,3.0
Editar se√ß√£o: Aula 1 - Cria√ß√£o e Edi√ß√£o de Imagens com IA | TEMPLO.FCA | Classplay,0.0,0,3.0
Editar se√ß√£o: Clique no bot√£o para acessar o Chat GPT! | LLMS | Classplay,0.0,0,3.0
Editar se√ß√£o: Materiais Complementares | IAG-MKTDigital. Freemium | Classplay,0.0,0,3.0
Editar √Årea de texto e m√≠dia: Acessar Agentes | LLMS | Classplay,0.0,0,3.0
Editar √Årea de texto e m√≠dia: Aplica√ß√£o: Como extrair o seu tom de voz e aplicar ao seu Agente | MundoAgents | Classplay,0.0,0,3.0
Editar √Årea de texto e m√≠dia: Aula 3 | TEMPLO.FCA | Classplay,0.0,0,3.0
Editar √Årea de texto e m√≠dia: ChatGPT e Playground | IntroIAG | Classplay,0.0,0,3.0
Editar √Årea de texto e m√≠dia: Como a IA pode ajudar a fazer as principais atividades do marketing digital | IAG-MKTDigital | Classplay,0.0,0,3.0
Editar √Årea de texto e m√≠dia: Descubra como a Intelig√™ncia Artificial est√° trans... | TEMPLOFRE.0125T1 | Classplay,0.0,0,3.0
Editar √Årea de texto e m√≠dia: Descubra o poder do Advanced Data Analysis no Chat... | MINI-DADOS | Classplay,0.0,0,3.0
Editar √Årea de texto e m√≠dia: M√£os √† Obra: Construindo Seu Primeiro Agent - Parte 1 | MundoAgents Freemium | Classplay,0.0,0,3.0
Editar √Årea de texto e m√≠dia: M√£os √† Obra: Construindo Seu Primeiro Agente | MundoAgents | Classplay,0.0,0,3.0
Editar √Årea de texto e m√≠dia: M√£os √† Obra: Evoluindo Seu Agent - Parte 3 | MundoAgents | Classplay,0.0,0,3.0
"""Editar √Årea de texto e m√≠dia: Para ter acesso ao material completo",0.0,0,0.0
Editar √Årea de texto e m√≠dia: Produtividade com IA: Casos de Uso e An√°lise Efeitos | IAG-MKTDigital. Freemium | Classplay,0.0,0,3.0
Editar √Årea de texto e m√≠dia: Quer acessar esse curso e aprender tudo sobre o uso de I.A para constru√ß√£o de marca? Solicite acesso ao curso completo em (redacted) | MINI.BRANDING-FREE | Classplay,0.0,0,3.0
Editar √Årea de texto e m√≠dia: label491 | MundoAgents Freemium | Classplay,0.0,0,3.0
Erro | Classplay,0.0,0,3.0
Formul√°rio de registro | Classplay,0.0,0,3.0
Giulia Wada: Perfil p√∫blico | Classplay,0.0,0,3.0
Grupos | Classplay,0.0,0,3.0
Introdu√ß√£o √† Intelig√™ncia Artificial Generativa,0.0,0,3.0
Logos | Apar√™ncia | Administra√ß√£o | Classplay,0.0,0,3.0
MINI.BRANDING-FREE: Participantes | Classplay,0.0,0,3.0
MundoAgents : Workflow - Do Tom de Voz √† Postagem | Classplay,0.0,0,3.0
MundoAgents: Criando seu Assistente IA - Parte 1 | Classplay,0.0,0,3.0
M√≥dulos do Curso,0.0,0,3.0
Novo √Årea de texto e m√≠dia | LAPISRARO.0925T1 | Classplay,0.0,0,3.0
O B√°sico de IAGen no MKT Digital,0.0,0,3.0
Onboarding de Professores(as),0.0,0,3.0
Prompts Freemium | Classplay,0.0,0,3.0
Se√ß√£o: . | Modelos de IA | Classplay,0.0,0,3.0
Se√ß√£o: Criando consist√™ncia de tom de voz e estilo para a sua marca com Custom Instructions | IA + Branding | Classplay,0.0,0,3.0
TEMPLO.FCA | Classplay,0.0,0,3.0
TEMPLO.FCA: Apresenta√ß√£o Aula 1 M√≥dulo 3 | Classplay,0.0,0,3.0
TEMPLO.FCA: Apresenta√ß√£o aula 2/3/extra - m√≥dulo 1 | Classplay,0.0,0,3.0
Thiago Manojo: Perfil p√∫blico | Classplay,0.0,0,3.0
Todos os cursos | Classplay,0.0,0,3.0
Turma Brasas 2 - IA+Edu,0.0,0,3.0
Vincenzo Zandon√°: Perfil p√∫blico | Classplay,0.0,0,3.0
Workflows,0.0,0,3.0
AGENTS-FREEMIUM: Participantes | Classplay,0.0,0,2.0
Acylino do Amaral Mariano Junior: Perfil p√∫blico | Classplay,0.0,0,2.0
Adicionar um novo usu√°rio | Contas | Usu√°rios | Administra√ß√£o | Classplay,0.0,0,2.0
Agente Generativo: Perfil pessoal: Acylino do Amaral Mariano Junior | Classplay,0.0,0,2.0
Assinantes | Classplay,0.0,0,2.0
Atividades do curso: Biblioteca de Prompts | Classplay,0.0,0,2.0
Atividades do curso: Ferramentas | Classplay,0.0,0,2.0
Atividades do curso: Introdu√ß√£o √† IA Generativa | Classplay,0.0,0,2.0
Atividades do curso: L√°pis Raro | Classplay,0.0,0,2.0
Atividades do curso: Modelos de IA | Classplay,0.0,0,2.0
Atividades do curso: O B√°sico de IAGen no Marketing Digital | Classplay,0.0,0,2.0
Atividades do curso: Podcasts | Classplay,0.0,0,2.0
Avisos | Administra√ß√£o | Classplay,0.0,0,2.0
BRASASJOR.0925T1: Participantes | Classplay,0.0,0,2.0
Biblioteca de Agentes: Perfil pessoal: Camilla Magalhaes Silva | Classplay,0.0,0,2.0
Biblioteca de Agentes: Perfil pessoal: Eder Antonio Milani Bernardes | Classplay,0.0,0,2.0
Classplay: Logs da √∫ltima hora | Classplay,0.0,0,2.0
Classplay: teste classplay: teste classplay | Classplay,0.0,0,2.0
Configura√ß√µes de filtro em Curso: üîí O Mundo dos Agents | Classplay,0.0,0,2.0
Configura√ß√µes padr√£o dos cursos | Configura√ß√µes padr√£o | Cursos | Administra√ß√£o | Classplay,0.0,0,2.0
Contato do Templo,0.0,0,2.0
Controle,0.0,0,2.0
Coortes | Classplay,0.0,0,2.0
Cores do cart√£o do curso. | Apar√™ncia | Administra√ß√£o | Classplay,0.0,0,2.0
Current release information | Classplay,0.0,0,2.0
Curso: ¬†Acessar Agentes | Classplay,0.0,0,2.0
Cursos,0.0,0,2.0
DANNEMANNIA .0225T1: Playlist de Estudos M√≥dulo 1 | Classplay,0.0,0,2.0
Demonstra√ß√µes ao usu√°rio | Apar√™ncia | Administra√ß√£o | Classplay,0.0,0,2.0
Documenta√ß√£o: Classplay - Moodle,0.0,0,2.0
EBOOKS: What Are ChatGPT and Its Friends? | Classplay,0.0,0,2.0
Editar AI Agents: Agentes IA | AGENTESIA | Classplay,0.0,0,2.0
Editar AI Prompts: Prompts Freemium | PROMPTSFREE | Classplay,0.0,0,2.0
Editar Arquivo: Apresenta√ß√£o aula 1 - m√≥dulo 1 | TEMPLO.FCA | Classplay,0.0,0,2.0
Editar Arquivo: Workflow - Do Tom de Voz √† Postagem | MundoAgents | Classplay,0.0,0,2.0
Editar Se√ß√£o: Aula 2 - Criando com IA: Textos e Prompting Estrat√©gico | FCA: Forma√ß√£o de Talentos | Classplay,0.0,0,2.0
Editar Se√ß√£o: Clique no bot√£o para acessar | Modelos de IA | Classplay,0.0,0,2.0
Editar Se√ß√£o: Criando consist√™ncia de tom de voz e estilo para a sua marca com Custom Instructions | IA + Branding | Classplay,0.0,0,2.0
Editar Se√ß√£o: M√≥dulo 1 - Advanced Data Analysis | An√°lise de Dados | Classplay,0.0,0,2.0
Editar Se√ß√£o: M√≥dulo 1 - O que s√£o prompts? Prompts B√°sicos | Engenharia de Prompts | Classplay,0.0,0,2.0
Editar Se√ß√£o: M√≥dulo 1 | üîí IA + Branding | Classplay,0.0,0,2.0
"""Editar Se√ß√£o: M√≥dulo 2 - Meta Prompts e Prompts Recursivos (COT",0.0,0,0.0
Editar Se√ß√£o: Se√ß√£o 3 | Modelos de IA | Classplay,0.0,0,2.0
Editar curso: BRASAS | Classplay,0.0,0,2.0
Editar curso: BRASASJOR.0925T1 | Classplay,0.0,0,2.0
Editar curso: Onboarding de Professores | Classplay,0.0,0,2.0
Editar curso: üîí IA Generativa no Marketing Digital | Classplay,0.0,0,2.0
Editar op√ß√µes da categoria | Classplay,0.0,0,2.0
Editar se√ß√£o: . | LLMS | Classplay,0.0,0,2.0
Editar se√ß√£o: Aula 2 - Criando com IA: Textos e Prompting Estrat√©gico | TEMPLO.FCA | Classplay,0.0,0,2.0
Editar se√ß√£o: Brainstorm de Marketing com ChatGPT | OPMKT-FREE | Classplay,0.0,0,2.0
Editar se√ß√£o: Clique no bot√£o para acessar o Claude! | LLMS | Classplay,0.0,0,2.0
Editar se√ß√£o: Criando consist√™ncia de tom de voz e estilo para a sua marca com Custom Instructions | MINI.BRANDING-FREE | Classplay,0.0,0,2.0
"""Editar se√ß√£o: Crie tom de voz",0.0,0,0.0
Editar se√ß√£o: M√≥dulo 1 - Advanced Data Analysis | MINI-DADOS | Classplay,0.0,0,2.0
Editar se√ß√£o: M√≥dulo 1 - O que s√£o prompts? Prompts B√°sicos | MINI-PROMPTS | Classplay,0.0,0,2.0
Editar se√ß√£o: M√≥dulo 1 | IntroIAG | Classplay,0.0,0,2.0
"""Editar se√ß√£o: M√≥dulo 2 - Meta Prompts e Prompts Recursivos (COT",0.0,0,0.0
Editar se√ß√£o: M√≥dulo 2 | IntroIAG | Classplay,0.0,0,2.0
Editar se√ß√£o: Se√ß√£o 3 | LLMS | Classplay,0.0,0,2.0
Editar √Årea de texto e m√≠dia: Aplicando Framework de Agentes | MundoAgents | Classplay,0.0,0,2.0
Editar √Årea de texto e m√≠dia: Aplicando Framework de Agents | MundoAgents | Classplay,0.0,0,2.0
Editar √Årea de texto e m√≠dia: Aplica√ß√£o: Como extrair o seu tom de voz e aplicar ao seu agent | MundoAgents | Classplay,0.0,0,2.0
"""Editar √Årea de texto e m√≠dia: Aplica√ß√£o: utilizando o seu agent para criar planejamento",0.0,0,0.0
Editar √Årea de texto e m√≠dia: Aprenda como funcionam chatbots e ferramentas de I... | TEMPLO2FR.0125T1 | Classplay,0.0,0,2.0
Editar √Årea de texto e m√≠dia: Aula 2 - Modulo 2 | TEMPLO.FCA | Classplay,0.0,0,2.0
Editar √Årea de texto e m√≠dia: Como a IA generativa est√° revolucionando o mundo do marketing | IAG-MKTDigital | Classplay,0.0,0,2.0
Editar √Årea de texto e m√≠dia: Como estudar? | MundoAgents | Classplay,0.0,0,2.0
Editar √Årea de texto e m√≠dia: Continue a explorar as capacidades avan√ßadas do Ch... | MINI-DADOS | Classplay,0.0,0,2.0
"""Editar √Årea de texto e m√≠dia: Dados",0.0,0,0.0
Editar √Årea de texto e m√≠dia: Descobrindo Agents: Arquitetura e Aplica√ß√µes | MundoAgents | Classplay,0.0,0,2.0
Editar √Årea de texto e m√≠dia: Desvendando os Mist√©rios da IA Generativa - Parte I | IntroIAG | Classplay,0.0,0,2.0
Editar √Årea de texto e m√≠dia: Desvendando os Mist√©rios da IA Generativa - Primeira Sess√£o | IntroIAG | Classplay,0.0,0,2.0
Editar √Årea de texto e m√≠dia: Dominando as Ferramentas Avan√ßadas do ChatGPT | IntroIAG | Classplay,0.0,0,2.0
Editar √Årea de texto e m√≠dia: Estudos de caso: Tend√™ncias de futuro no universo dos Agentes | MundoAgents | Classplay,0.0,0,2.0
Editar √Årea de texto e m√≠dia: Evoluindo Seu Agente: Integrando com o seu Google Agenda (Parte 1) | MundoAgents | Classplay,0.0,0,2.0
Editar √Årea de texto e m√≠dia: Evoluindo Seu Agente: Integrando com o seu Google Agenda (Parte 2) | MundoAgents | Classplay,0.0,0,2.0
Editar √Årea de texto e m√≠dia: Explorando o Ecossistema OpenAI: GPT Store e agents da comunidade | MundoAgents | Classplay,0.0,0,2.0
Editar √Årea de texto e m√≠dia: Explore como dominar a engenharia de prompts pode ... | MINI-BRANDING | Classplay,0.0,0,2.0
Editar √Årea de texto e m√≠dia: Ilustradores e Designers: esse m√≥dulo √© para voc√™s :) | IAG-MKTDigital | Classplay,0.0,0,2.0
Editar √Årea de texto e m√≠dia: Mistral e Grok | IntroIAG | Classplay,0.0,0,2.0
Editar √Årea de texto e m√≠dia: M√£os √† Obra: Construindo Seu Primeiro Agent - Parte 1 | MundoAgents | Classplay,0.0,0,2.0
Editar √Årea de texto e m√≠dia: M√£os √† Obra: Construindo Seu Primeiro Agent - Parte 2 | MundoAgents | Classplay,0.0,0,2.0
"""Editar √Årea de texto e m√≠dia: Na aula",0.0,0,0.0
Editar √Årea de texto e m√≠dia: Nessa aula voc√™ vai aprender como criar prompts ef... | TEMPLO.FCA | Classplay,0.0,0,2.0
Editar √Årea de texto e m√≠dia: O que s√£o Workflows de Agentes e quando us√°-los | MundoAgents | Classplay,0.0,0,2.0
Editar √Årea de texto e m√≠dia: O que s√£o Workflows de agents e quando us√°-los | MundoAgents | Classplay,0.0,0,2.0
Editar √Årea de texto e m√≠dia: O que s√£o prompts? Prompts B√°sicos | MINI-PROMPTS | Classplay,0.0,0,2.0
Editar √Årea de texto e m√≠dia: O que s√£o prompts? Segredos que ningu√©m te conta! | IAG-MKTDigital. Freemium | Classplay,0.0,0,2.0
Editar √Årea de texto e m√≠dia: Por que os AI Agents mudam o paradigma da automa√ß√£o | MundoAgents | Classplay,0.0,0,2.0
Editar √Årea de texto e m√≠dia: Por que os Agentes IA mudam o paradigma da automa√ß√£o | MundoAgents | Classplay,0.0,0,2.0
Editar √Årea de texto e m√≠dia: Quer acessar esse curso e aprender como utilizar I... | MINI-IMAGEMVIDEO-FREE_1 | Classplay,0.0,0,2.0
Editar √Årea de texto e m√≠dia: Quer acessar esse curso e dominar tudo sobre Agents? Solicite acesso ao curso completo em (redacted) | AGENTS-FREE | Classplay,0.0,0,2.0
Evid√™ncia de aprendizagem pr√©via | Classplay,0.0,0,2.0
Fazer upload de coortes | Classplay,0.0,0,2.0
Gerenciamento de usu√°rio | Contas | Usu√°rios | Administra√ß√£o | Classplay,0.0,0,2.0
IAADV-FREE: Participantes | Classplay,0.0,0,2.0
IMGMVIDEO-FREE: Participantes | Classplay,0.0,0,2.0
Inscri√ß√µes manuais | Classplay,0.0,0,2.0
MINI-IMAGEMVIDEO: Playlist: Conte√∫dos Extras | Classplay,0.0,0,2.0
MINI-PROMPTS: Conte√∫dos adicionais para voc√™ aprender ainda mais! | Classplay,0.0,0,2.0
Marketing,0.0,0,2.0
Modificar perfil: Acylino do Amaral Mariano Junior | | Classplay,0.0,0,2.0
MundoAgents : Tend√™ncias | Classplay,0.0,0,2.0
M√ìDULO 4 - Estrat√©gias para Implementa√ß√£o e Uso Respons√°vel da IA no Direito,0.0,0,2.0
Nenhuma mensagem | Classplay,0.0,0,2.0
Novo AI Prompts | PROMPTSFREE | Classplay,0.0,0,2.0
Novo √Årea de texto e m√≠dia | TEMPLO2FR.0125T1 | Classplay,0.0,0,2.0
OPMKT-FREE: Participantes | Classplay,0.0,0,2.0
Onboarding Templo,0.0,0,2.0
Permiss√µes em Curso: Engenharia de Prompts | Classplay,0.0,0,2.0
Permiss√µes em Curso: Prompts | Classplay,0.0,0,2.0
Planos de aprendizagem | Classplay,0.0,0,2.0
Plugins check | Classplay,0.0,0,2.0
Registration | Administration | Classplay,0.0,0,2.0
Relat√≥rio do usu√°rio | Introdu√ß√£o √† IA Generativa | Classplay,0.0,0,2.0
Relat√≥rio do usu√°rio | Onboarding de Professores | Classplay,0.0,0,2.0
Relat√≥rio do usu√°rio | Podcasts | Classplay,0.0,0,2.0
Relat√≥rio do usu√°rio | Prompts | Classplay,0.0,0,2.0
Resumo da configura√ß√£o do registro | Classplay,0.0,0,2.0
Se√ß√£o: Nova subse√ß√£o | üîí IA + Branding | Classplay,0.0,0,2.0
Se√ß√£o: Se√ß√£o 1 | Modelos de IA | Classplay,0.0,0,2.0
Se√ß√£o: Se√ß√£o 3 | üîí IA + Branding | Classplay,0.0,0,2.0
TEMPLO.FCA: Apresenta√ß√£o Aula 3 - M√≥dulo 2 | Classplay,0.0,0,2.0
TUTORIAIS: Como criar agentes? by Anthropic | Classplay,0.0,0,2.0
Upgrading to new version | Moodle 5.0 (Build: 20250414) | Classplay,0.0,0,2.0
Vis√£o geral dos Plugins | Plugins | Administra√ß√£o | Classplay,0.0,0,2.0
(not set),0.0,0,1.0
AJAX e Javascript | Apar√™ncia | Administra√ß√£o | Classplay,0.0,0,1.0
Acesso ao site | Classplay,0.0,0,1.0
Active Campaign,0.0,0,1.0
Ada,0.0,0,1.0
Administradores do site | Permiss√µes | Usu√°rios | Administra√ß√£o | Classplay,0.0,0,1.0
Agatha Maranh√£o: Perfil p√∫blico | Classplay,0.0,0,1.0
Agente Generativo | Classplay,0.0,0,1.0
Agente Generativo: Perfil pessoal: Agatha Maranh√£o | Classplay,0.0,0,1.0
Agente Generativo: Perfil pessoal: Antonio Roberto Rodante | Classplay,0.0,0,1.0
Agente Generativo: Perfil pessoal: Guilherme Ribeiro | Classplay,0.0,0,1.0
Agente Generativo: Perfil pessoal: Natalie Chamberlain | Classplay,0.0,0,1.0
Ana Carolina Brandizzi: Perfil p√∫blico | Classplay,0.0,0,1.0
Analista de Descri√ß√£o de Vaga para Atra√ß√£o de Talentos,0.0,0,1.0
Andre Gavazza: Perfil p√∫blico | Classplay,0.0,0,1.0
Anna Carolina Santana Corgozinho: Perfil p√∫blico | Classplay,0.0,0,1.0
Antonio Roberto Rodante: Perfil p√∫blico | Classplay,0.0,0,1.0
Assistente de Brainstorming,0.0,0,1.0
Assistente de Cria√ß√£o de Prompt para MidJourney,0.0,0,1.0
Atividades do curso: Biblioteca de Agentes | Classplay,0.0,0,1.0
Atividades do curso: IA para Advogados | Classplay,0.0,0,1.0
Atividades do curso: Prompts | Classplay,0.0,0,1.0
Atividades do curso: Webinars | Classplay,0.0,0,1.0
Atividades do curso: üîí IA + Branding | Classplay,0.0,0,1.0
Atividades do curso: üîí O Mundo dos Agents | Classplay,0.0,0,1.0
Atualizando para nova vers√£o | Moodle 5.0 (Build: 20250414) | Classplay,0.0,0,1.0
Autoinscri√ß√£o | Classplay,0.0,0,1.0
Avalia√ß√£o avan√ßada | Classplay,0.0,0,1.0
BASICOMKT-FREE: Participantes | Classplay,0.0,0,1.0
BRASASJOR.0925T1: Playlist de Estudos - M√≥dulo 1 | Classplay,0.0,0,1.0
Backups | Relat√≥rios | Administra√ß√£o | Classplay,0.0,0,1.0
Biblioteca Templo,0.0,0,1.0
Biblioteca de Agentes: Perfil pessoal: Anna Carolina Santana Corgozinho | Classplay,0.0,0,1.0
Biblioteca de Agentes: Perfil pessoal: Iuly Francinne Macari de Lima | Classplay,0.0,0,1.0
Biblioteca de Agentes: Perfil pessoal: Saullo Soares Santos | Classplay,0.0,0,1.0
Biblioteca de Agentes: Perfil pessoal: Thais Regina de Souza Diniz | Classplay,0.0,0,1.0
Biblioteca de Prompts: Perfil pessoal: Marcello Andrade | Classplay,0.0,0,1.0
Biblioteca de Prompts: Perfil pessoal: Vincenzo Zandon√° | Classplay,0.0,0,1.0
Boost | Configura√ß√µes de tema personalizado | Apar√™ncia | Administra√ß√£o | Classplay,0.0,0,1.0
COGNA: Advogados,0.0,0,1.0
Camilla Magalhaes Silva: Perfil p√∫blico | Classplay,0.0,0,1.0
Campos personalizados de curso | Configura√ß√µes padr√£o | Cursos | Administra√ß√£o | Classplay,0.0,0,1.0
Campos personalizados do Coorte | Contas | Usu√°rios | Administra√ß√£o | Classplay,0.0,0,1.0
Cancelando AGENTS-FREE | Classplay,0.0,0,1.0
Cancelando IAG-MKT-FREE | Classplay,0.0,0,1.0
Cancelando MINI-BRANDING.FREE_1 | Classplay,0.0,0,1.0
Cancelando TEMPLO2FR.0125T1 | Classplay,0.0,0,1.0
Cancelando TEMPLOFRE.0125T1 | Classplay,0.0,0,1.0
Carlos Toledo: Perfil p√∫blico | Classplay,0.0,0,1.0
Classplay | Mapa da Plataforma,0.0,0,1.0
Classplay: Modificar perfil | Classplay,0.0,0,1.0
Classplay: Prefer√™ncia de idioma | Classplay,0.0,0,1.0
Classplay: Prefer√™ncias do calend√°rio | Classplay,0.0,0,1.0
Conclus√£o de atividade padr√£o | Classplay,0.0,0,1.0
Configura√ß√µes de Certificado,0.0,0,1.0
Configura√ß√µes de mochila | Classplay,0.0,0,1.0
Configura√ß√µes gerais | Notas | Administra√ß√£o | Classplay,0.0,0,1.0
Contas de pagamento | Pagamentos | Administra√ß√£o | Classplay,0.0,0,1.0
Contas | Usu√°rios | Administra√ß√£o | Classplay,0.0,0,1.0
Controle - Templo,0.0,0,1.0
Curso: IA Generativa no Marketing Digital üîí | Classplay,0.0,0,1.0
Curso: O Mundo dos Agents üîí | Classplay,0.0,0,1.0
Curso: üîí O B√°sico da IAGen no Marketing Digital | Classplay,0.0,0,1.0
Cursos Classplay: Carregar cursos | Classplay,0.0,0,1.0
DANNEMANNIA .0225T1: Aula 1: Fundamentos da IA Generativa no Direito | Classplay,0.0,0,1.0
DANNEMANNIA .0225T1: Desafio Pr√°tico 3: Escolha uma atividade e estimule seu aprendizado! | Classplay,0.0,0,1.0
Debugging | Desenvolvimento | Administra√ß√£o | Classplay,0.0,0,1.0
EBOOKS: 6 Prompts para Aumentar a Produtividade da Equipe de Marketing | Classplay,0.0,0,1.0
EBOOKS: ChatGPT Bible | Classplay,0.0,0,1.0
EBOOKS: ChatGPT Multi-Plugin | Classplay,0.0,0,1.0
EBOOKS: Como Usar o ChatGPT e Python para Construir um Gr√°fico de Conhecimento | Classplay,0.0,0,1.0
EBOOKS: Como Usar o ChatGPT para Converter Texto em Uma Apresenta√ß√£o do PowerPoint | Classplay,0.0,0,1.0
EBOOKS: Introduction to Algorithmic Marketing | Classplay,0.0,0,1.0
EBOOKS: Manual sobre ChatGPT + IAG | Classplay,0.0,0,1.0
EBOOKS: O Guia Completo do Claude AI: Revolucione a Forma Como Voc√™ Trabalha | Classplay,0.0,0,1.0
EBOOKS: Os 6 Plugins que Mudar√£o Como Usar o ChatGPT | Classplay,0.0,0,1.0
EBOOKS: Supercharge Your Research Productivity with ChatGPT | Classplay,0.0,0,1.0
EBOOKS: The Art of Asking ChatGPT for High-Quality Answers | Classplay,0.0,0,1.0
EBOOKS: Usos Essenciais de IAG para Times de Marketing | Classplay,0.0,0,1.0
EBOOKS: Web3 Marketing: A Handbook for the Next Internet Revolution | Classplay,0.0,0,1.0
Eder Antonio Milani Bernardes: Perfil p√∫blico | Classplay,0.0,0,1.0
Editando o relat√≥rio do avaliador | IA + Branding | Classplay,0.0,0,1.0
Editando o relat√≥rio do avaliador | üîí IA + Branding | Classplay,0.0,0,1.0
Editar AI Agents: Agente Generativo | casos-uso | Classplay,0.0,0,1.0
Editar AI Prompts: aaaaaaaaaaaaaaaaa | PROMPTSFREE | Classplay,0.0,0,1.0
Editar Arquivo: Apresenta√ß√£o Aula 3 | TEMPLO.FCA | Classplay,0.0,0,1.0
Editar Arquivo: Apresenta√ß√£o aula 2/3 - m√≥dulo 1 | TEMPLO.FCA | Classplay,0.0,0,1.0
Editar Arquivo: Apresenta√ß√£o aula 2/3/extra | TEMPLO.FCA | Classplay,0.0,0,1.0
Editar Arquivo: Apresenta√ß√£o aula1 - m√≥dulo 2 | TEMPLO.FCA | Classplay,0.0,0,1.0
Editar Arquivo: Aula 1: Fundamentos da IA Generativa no Direito | DANNEMANNIA .0225T1 | Classplay,0.0,0,1.0
Editar Arquivo: Aula 2: Automa√ß√£o de Fluxos de Trabalho Jur√≠dico com IA | DANNEMANNIA .0225T1 | Classplay,0.0,0,1.0
Editar Arquivo: Aula 2: Regula√ß√£o e Aspectos √âticos da IA no Direito | DANNEMANNIA .0225T1 | Classplay,0.0,0,1.0
Editar Arquivo: Criando seu Assistente IA - Parte 1 | MundoAgents | Classplay,0.0,0,1.0
Editar Arquivo: Desafio Pr√°tico 2: Escolha uma atividade e estimule seu aprendizado! | DANNEMANNIA .0225T1 | Classplay,0.0,0,1.0
Editar Arquivo: O Ecossistema de Agents da OpenAI | MundoAgents | Classplay,0.0,0,1.0
Editar Arquivo: Playlist de Estudos M√≥dulo 1 | DANNEMANNIA .0225T1 | Classplay,0.0,0,1.0
Editar Arquivo: Playlist de Estudos M√≥dulo 2 | DANNEMANNIA .0225T1 | Classplay,0.0,0,1.0
Editar Arquivo: Playlist de Estudos M√≥dulo 3 | DANNEMANNIA .0225T1 | Classplay,0.0,0,1.0
Editar Arquivo: eBook: ChatGPT + Intelig√™ncia Artificial Generativa | IAG-MKTDigital | Classplay,0.0,0,1.0
Editar F√≥rum: Avisos do site | Classplay,0.0,0,1.0
Editar Se√ß√£o: . | Modelos de IA | Classplay,0.0,0,1.0
Editar Se√ß√£o: 1. Fundamentos e Desenvolvimento de Agents | O Mundo dos Agentes | Classplay,0.0,0,1.0
Editar Se√ß√£o: 2. Criando e Aperfei√ßoando Agents | O Mundo dos Agentes | Classplay,0.0,0,1.0
Editar Se√ß√£o: 3. Aplica√ß√µes de IAG no Marketing Digital | O B√°sico de IA Generativa no Marketing Digital | Classplay,0.0,0,1.0
Editar Se√ß√£o: Aula 1 - Introdu√ß√£o √† IA Generativa e Modelos de Linguagem | FCA: Forma√ß√£o de Talentos | Classplay,0.0,0,1.0
Editar Se√ß√£o: Aula 3 - Casos de Uso em Educa√ß√£o e Projeto Pr√°tico | FCA: Forma√ß√£o de Talentos | Classplay,0.0,0,1.0
Editar Se√ß√£o: Aula ‚ÄúAprendizado de M√°quina ‚Äì Conceitos-chave‚Äù com miniatura e √≠cone de cadeado. | Freemium Simulado | Classplay,0.0,0,1.0
Editar Se√ß√£o: Chat GPT | Modelos de IA | Classplay,0.0,0,1.0
Editar Se√ß√£o: Como integrar IA generativa ao seu site | Freemium Simulado 2 | Classplay,0.0,0,1.0
Editar Se√ß√£o: Criando consist√™ncia de tom de voz e estilo para a sua marca com Custom Instructions | üîí IA + Branding | Classplay,0.0,0,1.0
Editar Se√ß√£o: Introdu√ß√£o √† Intelig√™ncia Artificial (Freemium) | Freemium Simulado | Classplay,0.0,0,1.0
Editar Se√ß√£o: M√≥dulo 1 - Fundamentos e Desenvolvimento de Agentes | O Mundo dos Agentes | Classplay,0.0,0,1.0
Editar Se√ß√£o: M√≥dulo 1 - Introdu√ß√£o √† IA Generativa | IA para Advogados | Classplay,0.0,0,1.0
Editar Se√ß√£o: M√≥dulo 1 | Introdu√ß√£o √† IA Generativa | Classplay,0.0,0,1.0
Editar Se√ß√£o: M√≥dulo 1 | O B√°sico de IA Generativa no Marketing Digital | Classplay,0.0,0,1.0
Editar Se√ß√£o: M√≥dulo 2 - Criando e Aperfei√ßoando Agentes | O Mundo dos Agentes | Classplay,0.0,0,1.0
Editar Se√ß√£o: M√≥dulo 2 - Explorando as capacidades do ChatGPT | An√°lise de Dados | Classplay,0.0,0,1.0
Editar Se√ß√£o: M√≥dulo 2 | Introdu√ß√£o √† IA Generativa | Classplay,0.0,0,1.0
Editar Se√ß√£o: M√≥dulo 2 | O B√°sico de IA Generativa no Marketing Digital | Classplay,0.0,0,1.0
Editar Se√ß√£o: M√≥dulo 3 - Cria√ß√£o de Assistentes IA para Advogados | IA para Advogados | Classplay,0.0,0,1.0
Editar Se√ß√£o: M√≥dulo 3 - Em Busca do Prompt Perfeito | Engenharia de Prompts | Classplay,0.0,0,1.0
Editar Se√ß√£o: M√≥dulo 3 - Workflows de Agentes | O Mundo dos Agentes | Classplay,0.0,0,1.0
Editar Se√ß√£o: M√≥dulo 4 - Agentes Avan√ßados: Integra√ß√£o com Ferramentas Externas | O Mundo dos Agentes | Classplay,0.0,0,1.0
Editar Se√ß√£o: M√≥dulo 4 - Personaliza√ß√£o de Estrat√©gias com IA Generativa | O B√°sico de IA Generativa no Marketing Digital | Classplay,0.0,0,1.0
Editar Se√ß√£o: M√≥dulo 5 - Casos de Uso com Imagens | O B√°sico de IA Generativa no Marketing Digital | Classplay,0.0,0,1.0
"""Editar Se√ß√£o: M√≥dulo 5 - Integra√ß√£o",0.0,0,0.0
Editar Se√ß√£o: Nova subse√ß√£o | üîí IA + Branding | Classplay,0.0,0,1.0
Editar Se√ß√£o: Se Preparando para a IA: Habilidades Necess√°rias | IA para Advogados | Classplay,0.0,0,1.0
Editar Se√ß√£o: Se√ß√£o 1 | üîí IA + Branding | Classplay,0.0,0,1.0
Editar Se√ß√£o: Slides: O Ecossistema de Agents da OpenAI | O Mundo dos Agentes | Classplay,0.0,0,1.0
Editar Se√ß√£o: TESTE 3 | üîí IA + Branding | Classplay,0.0,0,1.0
Editar Se√ß√£o: | Modelos de IA | Classplay,0.0,0,1.0
Editar Se√ß√£o: üîí Criando consist√™ncia de tom de voz e estilo para a sua marca com Custom Instructions | üîí IA + Branding | Classplay,0.0,0,1.0
Editar curso: Masterclasses | Classplay,0.0,0,1.0
Editar curso: eBooks | Classplay,0.0,0,1.0
Editar se√ß√£o: 1. Fundamentos e Desenvolvimento de Agents | MundoAgents | Classplay,0.0,0,1.0
Editar se√ß√£o: 2. Criando e Aperfei√ßoando Agents | MundoAgents Freemium | Classplay,0.0,0,1.0
Editar se√ß√£o: 2. Engenharia de Prompts | IAG-MKTDigital | Classplay,0.0,0,1.0
Editar se√ß√£o: 3. Aplica√ß√µes de IAG no Marketing Digital | IAG-MKTDigital | Classplay,0.0,0,1.0
Editar se√ß√£o: Aula 1 | TEMPLO2FR.0125T1 | Classplay,0.0,0,1.0
Editar se√ß√£o: Aula 3 - Casos de Uso em Educa√ß√£o e Projeto Pr√°tico | TEMPLO.FCA | Classplay,0.0,0,1.0
Editar se√ß√£o: Aula ‚ÄúAprendizado de M√°quina ‚Äì Conceitos-chave‚Äù com miniatura e √≠cone de cadeado. | TEMPLOFRE.0125T1 | Classplay,0.0,0,1.0
Editar se√ß√£o: Brainstorm de Marketing com ChatGPT | OPMARKETING | Classplay,0.0,0,1.0
Editar se√ß√£o: Chat GPT | LLMS | Classplay,0.0,0,1.0
Editar se√ß√£o: Clique no bot√£o para acessar | LLMS | Classplay,0.0,0,1.0
Editar se√ß√£o: Como usar o Advanced Data Analysis do ChatGPT para analisar dados em planilhas | MINI-DADOS | Classplay,0.0,0,1.0
Editar se√ß√£o: Descubra o Mundo dos Agents! | AGENTS-FREE | Classplay,0.0,0,1.0
Editar se√ß√£o: Descubra o Mundo dos Agents! | MundoAgents Freemium | Classplay,0.0,0,1.0
Editar se√ß√£o: Descubra o Mundo dos Agents! | MundoAgents | Classplay,0.0,0,1.0
Editar se√ß√£o: Entenda como a IA Generativa impacta o marketing e explore os principais modelos de linguagem e ferramentas de texto. | BASICOMKT-FREE | Classplay,0.0,0,1.0
Editar se√ß√£o: Entenda como a IA Generativa impacta o marketing e explore os principais modelos de linguagem e ferramentas de texto. | MINI-BASICOMKT-FREE | Classplay,0.0,0,1.0
Editar se√ß√£o: Introdu√ß√£o √† Intelig√™ncia Artificial (Freemium) | TEMPLOFRE.0125T1 | Classplay,0.0,0,1.0
Editar se√ß√£o: M√ìDULO 1 - Texto e IA Generativa | TEMPLO.FCA | Classplay,0.0,0,1.0
Editar se√ß√£o: M√≥dulo 1 - Fundamentos e Desenvolvimento de Agentes | MundoAgents | Classplay,0.0,0,1.0
Editar se√ß√£o: M√≥dulo 1 - Introdu√ß√£o √† IA Generativa | IA-Advogados | Classplay,0.0,0,1.0
Editar se√ß√£o: M√≥dulo 1 | IAG-MKTDigital | Classplay,0.0,0,1.0
Editar se√ß√£o: M√≥dulo 2 - Criando e Aperfei√ßoando Agentes | MundoAgents | Classplay,0.0,0,1.0
Editar se√ß√£o: M√≥dulo 2 - Explorando as capacidades do ChatGPT | MINI-DADOS | Classplay,0.0,0,1.0
Editar se√ß√£o: M√≥dulo 3 - Cria√ß√£o de Assistentes IA para Advogados | IA-Advogados | Classplay,0.0,0,1.0
Editar se√ß√£o: M√≥dulo 3 - Em Busca do Prompt Perfeito | MINI-PROMPTS | Classplay,0.0,0,1.0
Editar se√ß√£o: M√≥dulo 3 - Workflows de Agentes | MundoAgents | Classplay,0.0,0,1.0
Editar se√ß√£o: M√≥dulo 4 - Agentes Avan√ßados: Integra√ß√£o com Ferramentas Externas | MundoAgents | Classplay,0.0,0,1.0
Editar se√ß√£o: M√≥dulo 4 - Personaliza√ß√£o de Estrat√©gias com IA Generativa | IAG-MKTDigital | Classplay,0.0,0,1.0
Editar se√ß√£o: M√≥dulo 5 - Casos de Uso com Imagens | IAG-MKTDigital | Classplay,0.0,0,1.0
"""Editar se√ß√£o: M√≥dulo 5 - Integra√ß√£o",0.0,0,0.0
Editar se√ß√£o: Nossas boas-vindas ao curso! | BASICOMKT-FREE | Classplay,0.0,0,1.0
Editar se√ß√£o: Nossas boas-vindas ao curso! | IAADV-FREE | Classplay,0.0,0,1.0
Editar se√ß√£o: Nossas boas-vindas ao curso! | IAGMKT-FREE | Classplay,0.0,0,1.0
Editar se√ß√£o: Nossas boas-vindas ao curso! | IMGMVIDEO-FREE | Classplay,0.0,0,1.0
Editar se√ß√£o: Se Preparando para a IA: Habilidades Necess√°rias | IA-Advogados | Classplay,0.0,0,1.0
Editar se√ß√£o: Se√ß√£o 1 | MundoAgents Freemium | Classplay,0.0,0,1.0
Editar se√ß√£o: Se√ß√£o 2 | LLMS | Classplay,0.0,0,1.0
Editar se√ß√£o: Site | Classplay | Classplay,0.0,0,1.0
Editar se√ß√£o: TESTE 3 | MINI.BRANDING-FREE | Classplay,0.0,0,1.0
Editar se√ß√£o: Use ferramentas de IA para produzir imagens e v√≠deos do zero. | MINI-IMAGEMVIDEO-FREE_1 | Classplay,0.0,0,1.0
Editar se√ß√£o: Workflow - Do Tom de Voz √† Postagem. | MundoAgents | Classplay,0.0,0,1.0
Editar √Årea de texto e m√≠dia: A IA e o Futuro da Produtividade: Uma Vis√£o Transformadora | IntroIAG | Classplay,0.0,0,1.0
"""Editar √Årea de texto e m√≠dia: A IA √© uma ferramenta poderosa para advogados",0.0,0,0.0
Editar √Årea de texto e m√≠dia: Ampliando Horizontes: interagindo com Agentes nativos do Google Gemini | MundoAgents | Classplay,0.0,0,1.0
Editar √Årea de texto e m√≠dia: Ampliando Horizontes: interagindo com agents nativos do Google Gemini | MundoAgents | Classplay,0.0,0,1.0
Editar √Årea de texto e m√≠dia: Aplicando Framework de Agents | IntroIAG | Classplay,0.0,0,1.0
Editar √Årea de texto e m√≠dia: Aplicando Framework de Agents | MundoAgents Freemium | Classplay,0.0,0,1.0
Editar √Årea de texto e m√≠dia: Aplica√ß√£o: Como extrair o seu tom de voz e aplicar ao seu agente | MundoAgents | Classplay,0.0,0,1.0
"""Editar √Årea de texto e m√≠dia: Aplica√ß√£o: utilizando o seu Agente para criar planejamento",0.0,0,0.0
Editar √Årea de texto e m√≠dia: Aprenda a escolher a ferramenta certa para cada de... | MINI-BASICOMKT | Classplay,0.0,0,1.0
Editar √Årea de texto e m√≠dia: Aprenda como transformar dados brutos em insights ... | MINI-DADOS | Classplay,0.0,0,1.0
"""Editar √Årea de texto e m√≠dia: Aprenda modelos de monetiza√ß√£o",0.0,0,0.0
Editar √Årea de texto e m√≠dia: Aprendendo a aprender com o ChatGPT | IntroIAG | Classplay,0.0,0,1.0
Editar √Årea de texto e m√≠dia: Aprofundando no Magic Design do Canva | MINI-IMAGEMVIDEO | Classplay,0.0,0,1.0
Editar √Årea de texto e m√≠dia: Assistentes de IA: O que √© Open-Source e Close-Source | IA-Advogados | Classplay,0.0,0,1.0
Editar √Årea de texto e m√≠dia: Aula 1 - Fundamentos da IA Generativa no Direito | DANNEMANNIA .0225T1 | Classplay,0.0,0,1.0
Editar √Årea de texto e m√≠dia: Aula 1 | TEMPLO.FCA | Classplay,0.0,0,1.0
Editar √Årea de texto e m√≠dia: Aula 1: Engenharia de Prompts e Personaliza√ß√£o no Uso da IA | DANNEMANNIA .0225T1 | Classplay,0.0,0,1.0
Editar √Årea de texto e m√≠dia: Aula 1: Estrat√©gias para Implementa√ß√£o da IA no Direito | DANNEMANNIA .0225T1 | Classplay,0.0,0,1.0
Editar √Årea de texto e m√≠dia: Aula 1: IA na Produ√ß√£o e Revis√£o de Documentos Jur√≠dicos | DANNEMANNIA .0225T1 | Classplay,0.0,0,1.0
Editar √Årea de texto e m√≠dia: Aula 2: Automa√ß√£o de Fluxos de Trabalho Jur√≠dico com IA | DANNEMANNIA .0225T1 | Classplay,0.0,0,1.0
Editar √Årea de texto e m√≠dia: Aula 2: Ferramentas de IA Aplicadas ao Direito | DANNEMANNIA .0225T1 | Classplay,0.0,0,1.0
Editar √Årea de texto e m√≠dia: Casos de Uso: O que os criativos no mundo est√£o elaborando com AI | MINI-IMAGEMVIDEO | Classplay,0.0,0,1.0
"""Editar √Årea de texto e m√≠dia: Como a IA pode ajudar a criar textos",0.0,0,0.0
"""Editar √Årea de texto e m√≠dia: Como a IA pode ajudar a criar textos",0.0,0,0.0
Editar √Årea de texto e m√≠dia: Como a IA pode ajudar a fazer as principais atividades do marketing digital | MINI-BASICOMKT | Classplay,0.0,0,1.0
Editar √Årea de texto e m√≠dia: Como estudar? | MundoAgents Freemium | Classplay,0.0,0,1.0
Editar √Årea de texto e m√≠dia: Como funciona a interface do ChatGPT? | IA-Advogados | Classplay,0.0,0,1.0
Editar √Årea de texto e m√≠dia: Como utilizar You.com e Perplexity para pesquisas? | IA-Advogados | Classplay,0.0,0,1.0
Editar √Årea de texto e m√≠dia: Conclus√£o: Tend√™ncias e Futuro da IA no Direito | IA-Advogados | Classplay,0.0,0,1.0
Editar √Årea de texto e m√≠dia: Conex√£o Avan√ßada: Integra√ß√£o de Agentes com o seu Gmail | MundoAgents | Classplay,0.0,0,1.0
Editar √Årea de texto e m√≠dia: Conex√£o Avan√ßada: Integra√ß√£o de Agents com o seu Gmail | MundoAgents | Classplay,0.0,0,1.0
Editar √Årea de texto e m√≠dia: Conhe√ßa as t√©cnicas existentes | MINI-IMAGEMVIDEO | Classplay,0.0,0,1.0
"""Editar √Årea de texto e m√≠dia: Contexto",0.0,0,0.0
"""Editar √Årea de texto e m√≠dia: Contexto",0.0,0,0.0
Editar √Årea de texto e m√≠dia: Criando Apresenta√ß√µes em V√≠deo utilizando AI | MINI-IMAGEMVIDEO | Classplay,0.0,0,1.0
Editar √Årea de texto e m√≠dia: Criando consist√™ncia de tom de voz e estilo para a sua marca com Custom Instructions | MINI-BRANDING | Classplay,0.0,0,1.0
Editar √Årea de texto e m√≠dia: Descobrindo Agentes: Arquitetura e Aplica√ß√µes | MundoAgents | Classplay,0.0,0,1.0
Editar √Årea de texto e m√≠dia: Descubra como a IA generativa est√° remodelando o u... | MINI-BASICOMKT | Classplay,0.0,0,1.0
Editar √Årea de texto e m√≠dia: Descubra o Mundo dos Agents! | MundoAgents Freemium | Classplay,0.0,0,1.0
Editar √Årea de texto e m√≠dia: Descubra o Mundo dos Agents! | MundoAgents | Classplay,0.0,0,1.0
Editar √Årea de texto e m√≠dia: Descubra o que voc√™ vai encontrar nos 5 m√≥dulos do... | IAG-MKTDigital. Freemium | Classplay,0.0,0,1.0
Editar √Årea de texto e m√≠dia: Desenvolva estrat√©gias personalizadas com IA Generativa | OPMARKETING | Classplay,0.0,0,1.0
"""Editar √Årea de texto e m√≠dia: Desenvolvimento de Assistentes de IA para Tarefas Jur√≠dicas Espec√≠ficas: Criando seu GPT",0.0,0,0.0
Editar √Årea de texto e m√≠dia: Design de Apresenta√ß√µes em Segundos: IA como Sua Nova Ferramenta de Design | IntroIAG | Classplay,0.0,0,1.0
Editar √Årea de texto e m√≠dia: Desvendando os Mist√©rios da IA Generativa - Parte 2 | IntroIAG | Classplay,0.0,0,1.0
Editar √Årea de texto e m√≠dia: Em Busca do Prompt Perfeito | MINI-PROMPTS | Classplay,0.0,0,1.0
Editar √Årea de texto e m√≠dia: Estilos e Par√¢metros em Imagens | MINI-IMAGEMVIDEO | Classplay,0.0,0,1.0
Editar √Årea de texto e m√≠dia: Estudos de caso: Ferramentas de automatiza√ß√£o de Agentes | MundoAgents | Classplay,0.0,0,1.0
Editar √Årea de texto e m√≠dia: Estudos de caso: Ferramentas de automatiza√ß√£o de Agents | MundoAgents | Classplay,0.0,0,1.0
Editar √Årea de texto e m√≠dia: Estudos de caso: Tend√™ncias de futuro no universo dos Agents | MundoAgents | Classplay,0.0,0,1.0
Editar √Årea de texto e m√≠dia: Evoluindo Seu Agent: Framework de Cria√ß√£o de Agents | IntroIAG | Classplay,0.0,0,1.0
Editar √Årea de texto e m√≠dia: Evoluindo Seu Agent: Integrando com o seu Google Agenda (Parte 1) | MundoAgents | Classplay,0.0,0,1.0
Editar √Årea de texto e m√≠dia: Evoluindo Seu Agent: Integrando com o seu Google Agenda (Parte 2) | MundoAgents | Classplay,0.0,0,1.0
Editar √Årea de texto e m√≠dia: Evoluindo Seu Agente: Integrando com o seu Google Agenda - Parte 1 | MundoAgents | Classplay,0.0,0,1.0
Editar √Årea de texto e m√≠dia: Evoluindo Seu Agente: Integrando com o seu Google Agenda - Parte 2 | MundoAgents | Classplay,0.0,0,1.0
Editar √Årea de texto e m√≠dia: Evoluindo Seu Agente: Integrando com o seu Google Agenda | MundoAgents | Classplay,0.0,0,1.0
Editar √Årea de texto e m√≠dia: Execu√ß√£o de IA: Pr√°ticas Seguras e Privadas | IA-Advogados | Classplay,0.0,0,1.0
Editar √Årea de texto e m√≠dia: Explore como empresas renomadas est√£o implementand... | MINI-BRANDING | Classplay,0.0,0,1.0
Editar √Årea de texto e m√≠dia: Ferramentas de IA para Advogados: An√°lise de documenta√ß√£o | IA-Advogados | Classplay,0.0,0,1.0
Editar √Årea de texto e m√≠dia: Ferramentas de IA: Introdu√ß√£o e Vis√£o Geral | IA-Advogados | Classplay,0.0,0,1.0
Editar √Årea de texto e m√≠dia: Fireflies e Tactiq | IntroIAG | Classplay,0.0,0,1.0
Editar √Årea de texto e m√≠dia: Gemini e Google AI Studio | IntroIAG | Classplay,0.0,0,1.0
"""Editar √Årea de texto e m√≠dia: Gerando Posts a Partir de Imagens",0.0,0,0.0
Editar √Årea de texto e m√≠dia: Gerando para Social Media | MINI-IMAGEMVIDEO | Classplay,0.0,0,1.0
Editar √Årea de texto e m√≠dia: Gera√ß√£o de V√≠deos a Partir de Textos | MINI-IMAGEMVIDEO | Classplay,0.0,0,1.0
Editar √Årea de texto e m√≠dia: Gerenciamento de Tarefas: Automa√ß√£o e Efici√™ncia | IA-Advogados | Classplay,0.0,0,1.0
Editar √Årea de texto e m√≠dia: Gerenciamento de Tempo com IA: Automatizando rotinas | IntroIAG | Classplay,0.0,0,1.0
Editar √Årea de texto e m√≠dia: Hora de come√ßar! | IAG-MKTDigital | Classplay,0.0,0,1.0
Editar √Årea de texto e m√≠dia: Hora de come√ßar! | IAG-MKTDigital. Freemium | Classplay,0.0,0,1.0
Editar √Årea de texto e m√≠dia: IA e o Futuro do Direito: O que esperar? | IA-Advogados | Classplay,0.0,0,1.0
Editar √Årea de texto e m√≠dia: IA em Due Diligence: Pr√°ticas Eficazes | IA-Advogados | Classplay,0.0,0,1.0
Editar √Årea de texto e m√≠dia: IA no Comando: Revolucionando o Gerenciamento de Projetos | IntroIAG | Classplay,0.0,0,1.0
"""Editar √Årea de texto e m√≠dia: IA",0.0,0,0.0
Editar √Årea de texto e m√≠dia: Integra√ß√£o de Ferramentas: Maximizando a Efici√™ncia | IA-Advogados | Classplay,0.0,0,1.0
Editar √Årea de texto e m√≠dia: Intelig√™ncia Artificial: O Hype e a Realidade | IAG-MKTDigital | Classplay,0.0,0,1.0
Editar √Årea de texto e m√≠dia: Introdu√ß√£o √† IA Generativa e Modelos de Linguagem | TEMPLO.FCA | Classplay,0.0,0,1.0
Editar √Årea de texto e m√≠dia: LLMs Decifrados: A Ci√™ncia por Tr√°s dos Modelos de Texto | IntroIAG | Classplay,0.0,0,1.0
Editar √Årea de texto e m√≠dia: Materiais complementares | IAG-MKTDigital. Freemium | Classplay,0.0,0,1.0
Editar √Årea de texto e m√≠dia: Melhorando a Pesquisa: Ferramentas Inteligentes | IA-Advogados | Classplay,0.0,0,1.0
Editar √Årea de texto e m√≠dia: Mensagem do professor Caio sobre este conte√∫do. | IA-Advogados | Classplay,0.0,0,1.0
"""Editar √Årea de texto e m√≠dia: Meta Prompts e Prompts Recursivos (COT",0.0,0,0.0
Editar √Årea de texto e m√≠dia: M√£os √† Obra: Construindo Seu Primeiro Agent - Parte 1 | IntroIAG | Classplay,0.0,0,1.0
Editar √Årea de texto e m√≠dia: M√£os √† Obra: Construindo Seu Primeiro Agent - Parte 2 | AGENTS-FREEMIUM | Classplay,0.0,0,1.0
Editar √Årea de texto e m√≠dia: M√£os √† Obra: Construindo Seu Primeiro Agent - Parte 2 | IntroIAG | Classplay,0.0,0,1.0
Editar √Årea de texto e m√≠dia: M√£os √† Obra: Construindo Seu Primeiro Agent - Parte 2 | MundoAgents Freemium | Classplay,0.0,0,1.0
Editar √Årea de texto e m√≠dia: M√£os √† Obra: Construindo Seu Primeiro Agent | IntroIAG | Classplay,0.0,0,1.0
Editar √Årea de texto e m√≠dia: M√£os √† Obra: Construindo Seu Primeiro Agente - Parte 1 | MundoAgents | Classplay,0.0,0,1.0
Editar √Årea de texto e m√≠dia: M√£os √† Obra: Construindo Seu Primeiro Agente - Parte 2 | MundoAgents | Classplay,0.0,0,1.0
Editar √Årea de texto e m√≠dia: M√£os √† Obra: Evoluindo Seu Agente - Parte 3 | MundoAgents | Classplay,0.0,0,1.0
Editar √Årea de texto e m√≠dia: NotebookLM - RAG: Como conversar com seus documentos | IA-Advogados | Classplay,0.0,0,1.0
Editar √Årea de texto e m√≠dia: O que s√£o prompts? Segredos que ningu√©m te conta! | IAG-MKTDigital | Classplay,0.0,0,1.0
Editar √Årea de texto e m√≠dia: O que √© IA Generativa? | MINI-BASICOMKT | Classplay,0.0,0,1.0
"""Editar √Årea de texto e m√≠dia: Os diferentes motores de texto na IA: Perplexity",0.0,0,0.0
"""Editar √Årea de texto e m√≠dia: Os diferentes motores de texto na IA: Perplexity",0.0,0,0.0
Editar √Årea de texto e m√≠dia: Parte 2: Prompts Avan√ßados e Recursivos | IntroIAG | Classplay,0.0,0,1.0
Editar √Årea de texto e m√≠dia: Parte 3: Personas e System Roles | IntroIAG | Classplay,0.0,0,1.0
Editar √Årea de texto e m√≠dia: Parte I: Fundamentos e Princ√≠pios | IntroIAG | Classplay,0.0,0,1.0
Editar √Årea de texto e m√≠dia: Personas e System Roles | IntroIAG | Classplay,0.0,0,1.0
Editar √Årea de texto e m√≠dia: Possibilidades e Usos | IntroIAG | Classplay,0.0,0,1.0
Editar √Årea de texto e m√≠dia: Produtividade com IA: Casos de Uso e An√°lise Efeitos | IAG-MKTDigital | Classplay,0.0,0,1.0
Editar √Årea de texto e m√≠dia: Prompts Avan√ßados e Contexto | MINI-PROMPTS | Classplay,0.0,0,1.0
Editar √Årea de texto e m√≠dia: Q&A - IA Generativa e Regula√ß√£o Jur√≠dica | DANNEMANNIA .0225T1 | Classplay,0.0,0,1.0
Editar √Årea de texto e m√≠dia: Q&A: Ferramentas e Estrat√©gias com IA no Direito | DANNEMANNIA .0225T1 | Classplay,0.0,0,1.0
Editar √Årea de texto e m√≠dia: Q&A: IA na Automa√ß√£o Jur√≠dica | DANNEMANNIA .0225T1 | Classplay,0.0,0,1.0
Editar √Årea de texto e m√≠dia: Quer acessar esse curso e aprender tudo sobre os a... | AGENTS-FREE | Classplay,0.0,0,1.0
"""Editar √Årea de texto e m√≠dia: Revis√£o",0.0,0,0.0
Editar √Årea de texto e m√≠dia: Se Preparando para a IA: Habilidades Necess√°rias | IA-Advogados | Classplay,0.0,0,1.0
Editar √Årea de texto e m√≠dia: Tratamento e modifica√ß√£o de imagens com Adobe Firefly | MINI-IMAGEMVIDEO | Classplay,0.0,0,1.0
Editar √Årea de texto e m√≠dia: Usando IA Na aula de hoje: desafios e solu√ß√µes no ... | TEMPLO.FCA | Classplay,0.0,0,1.0
Editar √Årea de texto e m√≠dia: Uso de IA em equipes jur√≠dicas | IA-Advogados | Classplay,0.0,0,1.0
"""Editar √Årea de texto e m√≠dia: Utilize IA para criar conte√∫dos",0.0,0,0.0
"""Editar √Årea de texto e m√≠dia: Veja o recado que o Caio",0.0,0,0.0
Editar √Årea de texto e m√≠dia: [DANNEMANN] Masterclass: Transforma√ß√£o Digital no Direito com IA Generativa | DANNEMANNIA .0225T1 | Classplay,0.0,0,1.0
Editar √Årea de texto e m√≠dia: aaaaa | TEMPLO2FR.0125T1 | Classplay,0.0,0,1.0
Editar √Årea de texto e m√≠dia: https://www.youtube.com/watch?v=dQw4w9WgXcQ | TEMPLOFRE.0125T1 | Classplay,0.0,0,1.0
Editar √Årea de texto e m√≠dia: label442 | TEMPLO2FR.0125T1 | Classplay,0.0,0,1.0
Editar √Årea de texto e m√≠dia: label447 | IAG-MKTDigital. Freemium | Classplay,0.0,0,1.0
Editar √Årea de texto e m√≠dia: label449 | IAG-MKTDigital. Freemium | Classplay,0.0,0,1.0
Editar √Årea de texto e m√≠dia: label450 | IAG-MKTDigital. Freemium | Classplay,0.0,0,1.0
Editar √Årea de texto e m√≠dia: label451 | IAG-MKTDigital. Freemium | Classplay,0.0,0,1.0
Editar √Årea de texto e m√≠dia: label452 | IAG-MKTDigital. Freemium | Classplay,0.0,0,1.0
Editar √Årea de texto e m√≠dia: label453 | IAG-MKTDigital. Freemium | Classplay,0.0,0,1.0
Editar √Årea de texto e m√≠dia: label454 | IAG-MKTDigital. Freemium | Classplay,0.0,0,1.0
Editar √Årea de texto e m√≠dia: label455 | IAG-MKTDigital. Freemium | Classplay,0.0,0,1.0
Editar √Årea de texto e m√≠dia: label456 | IAG-MKTDigital. Freemium | Classplay,0.0,0,1.0
Editar √Årea de texto e m√≠dia: label487 | MundoAgents Freemium | Classplay,0.0,0,1.0
Editar √Årea de texto e m√≠dia: label488 | MundoAgents Freemium | Classplay,0.0,0,1.0
Editar √Årea de texto e m√≠dia: label489 | MundoAgents Freemium | Classplay,0.0,0,1.0
Editar √Årea de texto e m√≠dia: label490 | MundoAgents Freemium | Classplay,0.0,0,1.0
Editar √Årea de texto e m√≠dia: label492 | MundoAgents Freemium | Classplay,0.0,0,1.0
Editar √Årea de texto e m√≠dia: label494 | MundoAgents Freemium | Classplay,0.0,0,1.0
Editar √Årea de texto e m√≠dia: label495 | MundoAgents Freemium | Classplay,0.0,0,1.0
Editar √Årea de texto e m√≠dia: label496 | MundoAgents Freemium | Classplay,0.0,0,1.0
Editar √Årea de texto e m√≠dia: label519 | OPMKT-FREE | Classplay,0.0,0,1.0
Editar √Årea de texto e m√≠dia: label520 | OPMKT-FREE | Classplay,0.0,0,1.0
Emblemas | Classplay,0.0,0,1.0
Engajamento e Cultura Organizacional,0.0,0,1.0
Equipes,0.0,0,1.0
Erro | Classplay,0.0,0,1.0
Erro | Classplay,0.0,0,1.0
Erro | Classplay,0.0,0,1.0
Erro | Classplay,0.0,0,1.0
Erro | Classplay,0.0,0,1.0
Erro | Classplay,0.0,0,1.0
Erro | Classplay,0.0,0,1.0
Excluir AGENTS-FREE ? | Classplay,0.0,0,1.0
Excluir IAG-MKT-FREE ? | Classplay,0.0,0,1.0
Excluir MINI-BRANDING.FREE_1 ? | Classplay,0.0,0,1.0
Excluir TEMPLO2FR.0125T1 ? | Classplay,0.0,0,1.0
Excluir TEMPLOFRE.0125T1 ? | Classplay,0.0,0,1.0
Gerador de Descri√ß√£o de Vaga Atrativa e Inclusiva,0.0,0,1.0
Gerenciar arquivos | Classplay,0.0,0,1.0
Gerenciar blocos | Blocos | Plugins | Administra√ß√£o | Classplay,0.0,0,1.0
Gerenciar tags | Apar√™ncia | Administra√ß√£o | Classplay,0.0,0,1.0
HTML | Blocos | Plugins | Administra√ß√£o | Classplay,0.0,0,1.0
IAG-MKTDigital. Freemium: Participantes | Classplay,0.0,0,1.0
IAG-MKTDigital: eBook: ChatGPT + Intelig√™ncia Artificial Generativa | Classplay,0.0,0,1.0
Imagem & V√≠deo,0.0,0,1.0
Informa√ß√£o sobre a vers√£o atual | Classplay,0.0,0,1.0
Interview Pro,0.0,0,1.0
IntroIAG | Classplay,0.0,0,1.0
IntroIAG: Slides: O Ecossistema da OpenAI | Classplay,0.0,0,1.0
Isabele dos Santos Mendes Pedrozo: Perfil p√∫blico | Classplay,0.0,0,1.0
Jose Carlos Mauricio da Rocha Filho: Perfil p√∫blico | Classplay,0.0,0,1.0
Julia Bessler: Perfil p√∫blico | Classplay,0.0,0,1.0
LLMS: Modelos de IA | Classplay,0.0,0,1.0
Lista de eventos | Relat√≥rios | Administra√ß√£o | Classplay,0.0,0,1.0
Logs: P√°gina 2 | Classplay,0.0,0,1.0
Luiza Abreu Lacerda: Perfil p√∫blico | Classplay,0.0,0,1.0
MINI-BASICOMKT-FREE: Participantes | Classplay,0.0,0,1.0
"""MINI-BASICOMKT: Playlist: Introdu√ß√£o √† IA generativa",0.0,0,0.0
MINI-DADOS: Da preparacÃßaÃÉo de dados ateÃÅ os Insights | Classplay,0.0,0,1.0
MINI-DADOS: T√©cnicas Avan√ßadas de An√°lise de Dados com ChatGPT | Classplay,0.0,0,1.0
MINI-IMAGEMVIDEO | Classplay,0.0,0,1.0
MINI-IMAGEMVIDEO: Slides: Imagens Generativas de IA | Classplay,0.0,0,1.0
MINI-IMAGEMVIDEO: Slides: Material sobre versionamento de conte√∫do com Canva. | Classplay,0.0,0,1.0
Marcello Andrade: Blog | Classplay,0.0,0,1.0
Marcello Andrade: Perfil p√∫blico | Classplay,0.0,0,1.0
Mariana Caldas: Perfil p√∫blico | Classplay,0.0,0,1.0
Moodle Docs | Apar√™ncia | Administra√ß√£o | Classplay,0.0,0,1.0
MundoAgents : Criando seu Assistente IA - Parte 1 | Classplay,0.0,0,1.0
MundoAgents : O Ecossistema de Agents da OpenAI | Classplay,0.0,0,1.0
MundoAgents : Participantes | Classplay,0.0,0,1.0
MundoAgents Freemium: O Ecossistema de Agents da OpenAI | Classplay,0.0,0,1.0
MundoAgents Freemium: Participantes | Classplay,0.0,0,1.0
MundoAgents | Classplay,0.0,0,1.0
M√ìDULO 1 - Fundamentos e Engenharia de Prompts,0.0,0,1.0
M√ìDULO 1 - Fundamentos e Impactos da IA Generativa no Direito,0.0,0,1.0
M√ìDULO 2 - Toolbox Generativo,0.0,0,1.0
M√ìDULO 2 - Toolbox Generativo,0.0,0,1.0
M√ìDULO 2 - Toolbox Generativo,0.0,0,1.0
M√ìDULO 2 - T√©cnicas e Ferramentas de IA Generativa para Advocacia,0.0,0,1.0
M√ìDULO 3 - Agentes Inteligentes e Workflows Automatizados,0.0,0,1.0
M√ìDULO 3 - Agentes de IA,0.0,0,1.0
M√ìDULO 3 - IA Generativa e Automa√ß√£o de Fluxos Jur√≠dicos,0.0,0,1.0
M√ìDULO 4 - Generative Mkt in Action,0.0,0,1.0
M√ìDULO 4 - Generative Mkt in Action,0.0,0,1.0
M√≥dulo 1: Introdu√ß√£o √† IA Generativa,0.0,0,1.0
Naiara Botelho Jardim: Perfil p√∫blico | Classplay,0.0,0,1.0
Novo Arquivo | BRASASJOR.0925T1 | Classplay,0.0,0,1.0
Novo Arquivo | MundoAgents Freemium | Classplay,0.0,0,1.0
Novo Pacote SCORM | MINI.BRANDING-FREE | Classplay,0.0,0,1.0
Novo Pacote SCORM | TEMPLOTEM.0725T1 | Classplay,0.0,0,1.0
Novo URL | LLMS | Classplay,0.0,0,1.0
Novo √Årea de texto e m√≠dia | IAG-MKTDigital | Classplay,0.0,0,1.0
Novo √Årea de texto e m√≠dia | IAG-MKTDigital. Freemium | Classplay,0.0,0,1.0
Novo √Årea de texto e m√≠dia | LLMS | Classplay,0.0,0,1.0
Novo √Årea de texto e m√≠dia | OPMARKETING | Classplay,0.0,0,1.0
O que voc√™ deve saber?,0.0,0,1.0
Onboarding de Professores(as),0.0,0,1.0
PROMPTS | Classplay,0.0,0,1.0
Parte 1,0.0,0,1.0
Perfil dos Monges,0.0,0,1.0
Permiss√µes em AI Agents: Agente Generativo | Classplay,0.0,0,1.0
Permiss√µes em AI Prompts: Prompts | Classplay,0.0,0,1.0
Permiss√µes em Arquivo: Workflow - Do Tom de Voz √† Postagem | Classplay,0.0,0,1.0
Permiss√µes em Curso: O B√°sico de IAGen no Marketing Digital | Classplay,0.0,0,1.0
Permiss√µes em Curso: üîí O Mundo dos Agents | Classplay,0.0,0,1.0
Plugins overview | Plugins | Administration | Classplay,0.0,0,1.0
Prompt Engineer,0.0,0,1.0
Prompts Jur√≠dicos,0.0,0,1.0
Prompts | Classplay,0.0,0,1.0
Prompts | Classplay,0.0,0,1.0
Registrar com o Moodle.org | Administra√ß√£o | Classplay,0.0,0,1.0
Relat√≥rio de notas | O Mundo dos Agentes | Classplay,0.0,0,1.0
Relat√≥rio de notas | üîí O Mundo dos Agents | Classplay,0.0,0,1.0
Relat√≥rio do usu√°rio | Biblioteca de Agentes | Classplay,0.0,0,1.0
Relat√≥rio do usu√°rio | IA para Advogados | Classplay,0.0,0,1.0
Relat√≥rio do usu√°rio | L√°pis Raro | Classplay,0.0,0,1.0
Relat√≥rio do usu√°rio | O B√°sico de IAGen no Marketing Digital | Classplay,0.0,0,1.0
Relat√≥rio do usu√°rio | Tutoriais de Ferramentas | Classplay,0.0,0,1.0
Relat√≥rio do usu√°rio | eBooks | Classplay,0.0,0,1.0
Reposit√≥rio de Conte√∫dos,0.0,0,1.0
Ricardo Antonio Camargos: Perfil p√∫blico | Classplay,0.0,0,1.0
Roteirista para Onboarding de Novos Colaboradores,0.0,0,1.0
Saullo Soares Santos: Perfil p√∫blico | Classplay,0.0,0,1.0
Se√ß√£o: 2. Criando e Aperfei√ßoando Agents | O Mundo dos Agentes | Classplay,0.0,0,1.0
Se√ß√£o: Clique no bot√£o para acessar o Claude! | Modelos de IA | Classplay,0.0,0,1.0
Se√ß√£o: Clique no bot√£o para acessar o Gemini! | Modelos de IA | Classplay,0.0,0,1.0
Se√ß√£o: Clique no bot√£o para acessar | Modelos de IA | Classplay,0.0,0,1.0
Se√ß√£o: Como integrar IA generativa ao seu site | Freemium Simulado 2 | Classplay,0.0,0,1.0
Se√ß√£o: MODULO 2 - Aula ‚ÄúAprendizado de M√°quina ‚Äì Conceitos-chave‚Äù com miniatura e √≠cone de cadeado. | Freemium Simulado | Classplay,0.0,0,1.0
"""Se√ß√£o: M√≥dulo 2 - Meta Prompts e Prompts Recursivos (COT",0.0,0,0.0
Se√ß√£o: M√≥dulo 3 - Cria√ß√£o de Assistentes IA para Advogados | IA para Advogados | Classplay,0.0,0,1.0
Se√ß√£o: Se√ß√£o 3 | Modelos de IA | Classplay,0.0,0,1.0
"""Se√ß√£o: Tom",0.0,0,0.0
Se√ß√£o: üîí Criando consist√™ncia de tom de voz e estilo para a sua marca com Custom Instructions | üîí IA + Branding | Classplay,0.0,0,1.0
Tech Interview Guru,0.0,0,1.0
Trabalhe Conosco,0.0,0,1.0
Treinador de Entrevistas T√©cnicas,0.0,0,1.0
Turma Ag√™ncia Global - IA + MKT,0.0,0,1.0
Turma FSB (A) - IA + RP,0.0,0,1.0
Turma FSB (C) - IA + RP,0.0,0,1.0
Turma JBS - IA + MKT,0.0,0,1.0
Turma Vibra - IA + Marketing,0.0,0,1.0
Turmas Templo: Carregar cursos | Classplay,0.0,0,1.0
Tutoriais de Ferramentas: Perfil pessoal: Matheus Mascarenhas Franchini de Oliveira | Classplay,0.0,0,1.0
Verificar permiss√µes em Curso: Prompts | Classplay,0.0,0,1.0
Verificar permiss√µes em P√°gina principal | Classplay,0.0,0,1.0
Verifica√ß√£o de plugins | Classplay,0.0,0,1.0
Vincenzo Freemium: Perfil p√∫blico | Classplay,0.0,0,1.0
Vincenzo Teste Freemium: Perfil p√∫blico | Classplay,0.0,0,1.0
Vitor Beira: Perfil p√∫blico | Classplay,0.0,0,1.0
Yuri Amorim: Perfil p√∫blico | Classplay,0.0,0,1.0
aaaaaaaaaaaaaaaaa | Classplay,0.0,0,1.0
casos-uso: Relat√≥rio de atividade | Classplay,0.0,0,1.0
üîí O Mundo dos Agents : Perfil pessoal: Vincenzo Teste Freemium | Classplay,0.0,0,1.0
Edi√ß√£o em massa do curso: O Mundo dos Agentes | Classplay,0.0,0,0.0
Edi√ß√£o em massa do curso: üîí IA + Branding | Classplay,0.0,0,0.0
Edi√ß√£o em massa do curso: üîí IA para Advogados | Classplay,0.0,0,0.0
Edi√ß√£o em massa do curso: üîí O B√°sico de IAGen no Marketing Digital | Classplay,0.0,0,0.0
Edi√ß√£o em massa do curso: üîí O Mundo dos Agents | Classplay,0.0,0,0.0
Edi√ß√£o em massa do curso: üîí Opera√ß√µes de Marketing | Classplay,0.0,0,0.0
